Workbook

Sheet CITEȘTE-MĂ
A1: BIBLIOTECA UTM – REȚEAUA AIVENTURE
A2: Versiune v1.0 · 15.10.2026 · 19 site-uri × 29 canale B2B = 551 linkuri + 342 linkuri între site-uri
A4: CUM O FOLOSIȚI
A5: 1. Foaia „Config”: completați celulele galbene (campania și conținutul curent). Toate linkurile din „Bibliotecă” se actualizează singure.
A6: 2. Foaia „Bibliotecă”: filtrați după site (coloana A) și canal (coloana C), copiați linkul din coloana I.
A7: 3. Foaia „Constructor”: alegeți site și canal din liste, completați campania/conținutul/termenul, primiți un link unic.
A8: 4. Foaia „Între site-uri”: linkuri pentru legăturile dintre site-urile rețelei (sursa = site-ul de unde pleacă linkul).
A9: 5. Foile „Site-uri” și „Canale”: adăugați/modificați site-uri sau canale; formulele le preiau după cod.
A11: REGULI (nu le încălcați, altfel rapoartele se fragmentează)
A12: • Totul cu litere mici, fără spații și fără diacritice; separator „_”.
A13: • utm_source = de unde vine omul · utm_medium = tipul canalului · utm_campaign = ce acțiune rulați.
A14: • Denumire campanie: AALL_site_obiectiv, ex. 2610_ff_lansare (an+lună, cod site, obiectiv).
... A23: • Canalele „Agenți AI” sunt experimentale: nu toți agenții păstrează parametrii.

Sheet Config
A1: CONFIG – editați doar celulele galbene
A3: Campanie curentă (utm_campaign) | B3: 2610_ff_lansare | C3: Exemplu de format – înlocuiți cu campania dumneavoastră
A4: Conținut implicit (utm_content) | B4: general | C4: Exemplu: hero_cauta, footer, oferta_v2
A5: Medium pentru legături între site-uri | B5: network
A8: Campanii exemplu (ilustrative, modificabile)
A9: Cod campanie | B9: Obiectiv
A10: 2610_ff_lansare | B10: Lansare FirmsFinder AI
A11: 2610_ecb_parteneriat | B11: Promovare parteneriat ECBTAX
A12: 2610_3wo_audit | B12: Audit 3WEBOBS gratuit
A13: 2610_actro_awareness | B13: EU AI Act – notorietate
A14: 2610_net_crosslink | B14: Legături între site-urile rețelei

Sheet Site-uri
A1: Cod | B1: Domeniu | C1: Cale implicită (landing) | D1: Rol / descriere
A2: 5el | B2: 5thelement.ai | C2: / | D2: Brand principal (flagship) al rețelei
A3: avro | B3: aiventure.ro | C3: / | D3: Varianta în limba română a rețelei 5thelement.ai
A4: avuk | B4: aiventure.uk | C4: / | D4: de completat
A5: 3wo | B5: 3webobs.com | C5: / | D5: 3WEBOBS – observator/audit (Human Web, AI Web, A2A Web)
A6: lens | B6: ai-lens.eu | C6: / | D6: AI-LENS – dicționarul de business al firmei
A7: inj | B7: aireadyinjector.com | C7: / | D7: AI-READY EDGE INJECTOR – execuție la edge
A8: audit | B8: eu-ai-audit.eu | C8: / | D8: AUDIT-AI – audit public de vizibilitate AI
A9: ready | B9: eu-ai-ready.eu | C9: / | D9: de completat
A10: actro | B10: eu-ai-act.ro | C10: / | D10: EU AI Act Ready – pâlnie România
A11: actrdy | B11: eu-ai-act-ready.eu | C11: / | D11: EU AI Act Ready – achiziție multilingvă, RRVI
A12: e112ro | B12: eu-112.ro | C12: / | D12: 112 pentru AI la muncă (RO)
... A20: ecb | B20: ecbtax.com | C20: / | D20: Partener strategic – ECBTAX (contabilitate)

Sheet Canale
A1: Cod | B1: Grup | C1: utm_source | D1: utm_medium | E1: Utilizare B2B
A2: li_pers | B2: LinkedIn | C2: linkedin_personal | D2: social | E2: Postări de pe profilul personal
A3: li_co | B3: LinkedIn | C3: linkedin_company | D3: social | E3: Postări pagina AiVenture
A4: li_show | B4: LinkedIn | C4: linkedin_showcase | D4: social | E4: Pagina showcase 5thElement AI
A5: li_news | B5: LinkedIn | C5: linkedin_newsletter | D5: social | E5: Articole / newsletter LinkedIn
A6: li_ads | B6: LinkedIn | C6: linkedin_ads | D6: paid_social | E6: Reclame LinkedIn (Campaign Manager)
A7: li_dm | B7: LinkedIn | C7: linkedin_dm | D7: dm | E7: Mesaje directe / InMail / Sales Navigator
A8: em_out | B8: Email | C8: email_outreach | D8: email | E8: Email la rece către ținte B2B
A9: em_news | B9: Email | C9: newsletter | D9: email | E9: Newsletter către abonați
A10: em_sig | B10: Email | C10: email_signature | D10: email | E10: Semnătura de email
A11: wa | B11: Mesagerie | C11: whatsapp | D11: dm | E11: WhatsApp +40 737 123 540
A12: g_ads | B12: Plătit | C12: google | D12: cpc | E12: Google Ads – căutare
... A30: llms | B30: Agenți AI | C30: llms_txt | D30: ai_web | E30: llms.txt / pagini pentru crawlere AI (experimental)

Sheet Bibliotecă
A1: Site | B1: Domeniu | C1: Canal | D1: utm_source | E1: utm_medium | F1: Cale | G1: utm_campaign | H1: utm_content | I1: LINK UTM
A2: 5el | B2: =INDEX('Site-uri'!$B$2:$B$20,MATCH(A2,'Site-uri'!$A$2:$A$20,0)) -> 5thelement.ai | C2: li_pers | D2: =INDEX(Canale!$C$2:$C$30,MATCH(C2,Canale!$A$2:$A$30,0)) -> linkedin_personal | E2: =INDEX(Canale!$D$2:$D$30,MATCH(C2,Canale!$A$2:$A$30,0)) -> social | F2: =INDEX('Site-uri'!$C$2:$C$20,MATCH(A2,'Site-uri'!$A$2:$A$20,0)) -> / | G2: =Config!$B$3 -> 2610_ff_lansare | H2: =Config!$B$4 -> general | I2: ="https://"&B2&F2&"?utm_source="&D2&"&utm_medium="&E2&"&utm_campaign="&G2&"&utm_content="&H2 -> https://5thelement.ai/?utm_source=linkedin_personal&utm_medium=social&utm_campaign=2610_ff_lansare&utm_content=general
A3: 5el | B3: =INDEX('Site-uri'!$B$2:$B$20,MATCH(A3,'Site-uri'!$A$2:$A$20,0)) -> 5thelement.ai | C3: li_co | D3: =INDEX(Canale!$C$2:$C$30,MATCH(C3,Canale!$A$2:$A$30,0)) -> linkedin_company | E3: =INDEX(Canale!$D$2:$D$30,MATCH(C3,Canale!$A$2:$A$30,0)) -> social | F3: =INDEX('Site-uri'!$C$2:$C$20,MATCH(A3,'Site-uri'!$A$2:$A$20,0)) -> / | G3: =Config!$B$3 -> 2610_ff_lansare | H3: =Config!$B$4 -> general | I3: ="https://"&B3&F3&"?utm_source="&D3&"&utm_medium="&E3&"&utm_campaign="&G3&"&utm_content="&H3 -> https://5thelement.ai/?utm_source=linkedin_company&utm_medium=social&utm_campaign=2610_ff_lansare&utm_content=general
A4: 5el | B4: =INDEX('Site-uri'!$B$2:$B$20,MATCH(A4,'Site-uri'!$A$2:$A$20,0)) -> 5thelement.ai | C4: li_show | D4: =INDEX(Canale!$C$2:$C$30,MATCH(C4,Canale!$A$2:$A$30,0)) -> linkedin_showcase | E4: =INDEX(Canale!$D$2:$D$30,MATCH(C4,Canale!$A$2:$A$30,0)) -> social | F4: =INDEX('Site-uri'!$C$2:$C$20,MATCH(A4,'Site-uri'!$A$2:$A$20,0)) -> / | G4: =Config!$B$3 -> 2610_ff_lansare | H4: =Config!$B$4 -> general | I4: ="https://"&B4&F4&"?utm_source="&D4&"&utm_medium="&E4&"&utm_campaign="&G4&"&utm_content="&H4 -> https://5thelement.ai/?utm_source=linkedin_showcase&utm_medium=social&utm_campaign=2610_ff_lansare&utm_content=general
A5: 5el | B5: =INDEX('Site-uri'!$B$2:$B$20,MATCH(A5,'Site-uri'!$A$2:$A$20,0)) -> 5thelement.ai | C5: li_news | D5: =INDEX(Canale!$C$2:$C$30,MATCH(C5,Canale!$A$2:$A$30,0)) -> linkedin_newsletter | E5: =INDEX(Canale!$D$2:$D$30,MATCH(C5,Canale!$A$2:$A$30,0)) -> social | F5: =INDEX('Site-uri'!$C$2:$C$20,MATCH(A5,'Site-uri'!$A$2:$A$20,0)) -> / | G5: =Config!$B$3 -> 2610_ff_lansare | H5: =Config!$B$4 -> general | I5: ="https://"&B5&F5&"?utm_source="&D5&"&utm_medium="&E5&"&utm_campaign="&G5&"&utm_content="&H5 -> https://5thelement.ai/?utm_source=linkedin_newsletter&utm_medium=social&utm_campaign=2610_ff_lansare&utm_content=general
A6: 5el | B6: =INDEX('Site-uri'!$B$2:$B$20,MATCH(A6,'Site-uri'!$A$2:$A$20,0)) -> 5thelement.ai | C6: li_ads | D6: =INDEX(Canale!$C$2:$C$30,MATCH(C6,Canale!$A$2:$A$30,0)) -> linkedin_ads | E6: =INDEX(Canale!$D$2:$D$30,MATCH(C6,Canale!$A$2:$A$30,0)) -> paid_social | F6: =INDEX('Site-uri'!$C$2:$C$20,MATCH(A6,'Site-uri'!$A$2:$A$20,0)) -> / | G6: =Config!$B$3 -> 2610_ff_lansare | H6: =Config!$B$4 -> general | I6: ="https://"&B6&F6&"?utm_source="&D6&"&utm_medium="&E6&"&utm_campaign="&G6&"&utm_content="&H6 -> https://5thelement.ai/?utm_source=linkedin_ads&utm_medium=paid_social&utm_campaign=2610_ff_lansare&utm_content=general
A7: 5el | B7: =INDEX('Site-uri'!$B$2:$B$20,MATCH(A7,'Site-uri'!$A$2:$A$20,0)) -> 5thelement.ai | C7: li_dm | D7: =INDEX(Canale!$C$2:$C$30,MATCH(C7,Canale!$A$2:$A$30,0)) -> linkedin_dm | E7: =INDEX(Canale!$D$2:$D$30,MATCH(C7,Canale!$A$2:$A$30,0)) -> dm | F7: =INDEX('Site-uri'!$C$2:$C$20,MATCH(A7,'Site-uri'!$A$2:$A$20,0)) -> / | G7: =Config!$B$3 -> 2610_ff_lansare | H7: =Config!$B$4 -> general | I7: ="https://"&B7&F7&"?utm_source="&D7&"&utm_medium="&E7&"&utm_campaign="&G7&"&utm_content="&H7 -> https://5thelement.ai/?utm_source=linkedin_dm&utm_medium=dm&utm_campaign=2610_ff_lansare&utm_content=general
A8: 5el | B8: =INDEX('Site-uri'!$B$2:$B$20,MATCH(A8,'Site-uri'!$A$2:$A$20,0)) -> 5thelement.ai | C8: em_out | D8: =INDEX(Canale!$C$2:$C$30,MATCH(C8,Canale!$A$2:$A$30,0)) -> email_outreach | E8: =INDEX(Canale!$D$2:$D$30,MATCH(C8,Canale!$A$2:$A$30,0)) -> email | F8: =INDEX('Site-uri'!$C$2:$C$20,MATCH(A8,'Site-uri'!$A$2:$A$20,0)) -> / | G8: =Config!$B$3 -> 2610_ff_lansare | H8: =Config!$B$4 -> general | I8: ="https://"&B8&F8&"?utm_source="&D8&"&utm_medium="&E8&"&utm_campaign="&G8&"&utm_content="&H8 -> https://5thelement.ai/?utm_source=email_outreach&utm_medium=email&utm_campaign=2610_ff_lansare&utm_content=general
A9: 5el | B9: =INDEX('Site-uri'!$B$2:$B$20,MATCH(A9,'Site-uri'!$A$2:$A$20,0)) -> 5thelement.ai | C9: em_news | D9: =INDEX(Canale!$C$2:$C$30,MATCH(C9,Canale!$A$2:$A$30,0)) -> newsletter | E9: =INDEX(Canale!$D$2:$D$30,MATCH(C9,Canale!$A$2:$A$30,0)) -> email | F9: =INDEX('Site-uri'!$C$2:$C$20,MATCH(A9,'Site-uri'!$A$2:$A$20,0)) -> / | G9: =Config!$B$3 -> 2610_ff_lansare | H9: =Config!$B$4 -> general | I9: ="https://"&B9&F9&"?utm_source="&D9&"&utm_medium="&E9&"&utm_campaign="&G9&"&utm_content="&H9 -> https://5thelement.ai/?utm_source=newsletter&utm_medium=email&utm_campaign=2610_ff_lansare&utm_content=general
A10: 5el | B10: =INDEX('Site-uri'!$B$2:$B$20,MATCH(A10,'Site-uri'!$A$2:$A$20,0)) -> 5thelement.ai | C10: em_sig | D10: =INDEX(Canale!$C$2:$C$30,MATCH(C10,Canale!$A$2:$A$30,0)) -> email_signature | E10: =INDEX(Canale!$D$2:$D$30,MATCH(C10,Canale!$A$2:$A$30,0)) -> email | F10: =INDEX('Site-uri'!$C$2:$C$20,MATCH(A10,'Site-uri'!$A$2:$A$20,0)) -> / | G10: =Config!$B$3 -> 2610_ff_lansare | H10: =Config!$B$4 -> general | I10: ="https://"&B10&F10&"?utm_source="&D10&"&utm_medium="&E10&"&utm_campaign="&G10&"&utm_content="&H10 -> https://5thelement.ai/?utm_source=email_signature&utm_medium=email&utm_campaign=2610_ff_lansare&utm_content=general
A11: 5el | B11: =INDEX('Site-uri'!$B$2:$B$20,MATCH(A11,'Site-uri'!$A$2:$A$20,0)) -> 5thelement.ai | C11: wa | D11: =INDEX(Canale!$C$2:$C$30,MATCH(C11,Canale!$A$2:$A$30,0)) -> whatsapp | E11: =INDEX(Canale!$D$2:$D$30,MATCH(C11,Canale!$A$2:$A$30,0)) -> dm | F11: =INDEX('Site-uri'!$C$2:$C$20,MATCH(A11,'Site-uri'!$A$2:$A$20,0)) -> / | G11: =Config!$B$3 -> 2610_ff_lansare | H11: =Config!$B$4 -> general | I11: ="https://"&B11&F11&"?utm_source="&D11&"&utm_medium="&E11&"&utm_campaign="&G11&"&utm_content="&H11 -> https://5thelement.ai/?utm_source=whatsapp&utm_medium=dm&utm_campaign=2610_ff_lansare&utm_content=general
A12: 5el | B12: =INDEX('Site-uri'!$B$2:$B$20,MATCH(A12,'Site-uri'!$A$2:$A$20,0)) -> 5thelement.ai | C12: g_ads | D12: =INDEX(Canale!$C$2:$C$30,MATCH(C12,Canale!$A$2:$A$30,0)) -> google | E12: =INDEX(Canale!$D$2:$D$30,MATCH(C12,Canale!$A$2:$A$30,0)) -> cpc | F12: =INDEX('Site-uri'!$C$2:$C$20,MATCH(A12,'Site-uri'!$A$2:$A$20,0)) -> / | G12: =Config!$B$3 -> 2610_ff_lansare | H12: =Config!$B$4 -> general | I12: ="https://"&B12&F12&"?utm_source="&D12&"&utm_medium="&E12&"&utm_campaign="&G12&"&utm_content="&H12 -> https://5thelement.ai/?utm_source=google&utm_medium=cpc&utm_campaign=2610_ff_lansare&utm_content=general
A13: 5el | B13: =INDEX('Site-uri'!$B$2:$B$20,MATCH(A13,'Site-uri'!$A$2:$A$20,0)) -> 5thelement.ai | C13: b_ads | D13: =INDEX(Canale!$C$2:$C$30,MATCH(C13,Canale!$A$2:$A$30,0)) -> bing | E13: =INDEX(Canale!$D$2:$D$30,MATCH(C13,Canale!$A$2:$A$30,0)) -> cpc | F13: =INDEX('Site-uri'!$C$2:$C$20,MATCH(A13,'Site-uri'!$A$2:$A$20,0)) -> / | G13: =Config!$B$3 -> 2610_ff_lansare | H13: =Config!$B$4 -> general | I13: ="https://"&B13&F13&"?utm_source="&D13&"&utm_medium="&E13&"&utm_campaign="&G13&"&utm_content="&H13 -> https://5thelement.ai/?utm_source=bing&utm_medium=cpc&utm_campaign=2610_ff_lansare&utm_content=general
... A552: ecb | B552: =INDEX('Site-uri'!$B$2:$B$20,MATCH(A552,'Site-uri'!$A$2:$A$20,0)) -> ecbtax.com | C552: llms | D552: =INDEX(Canale!$C$2:$C$30,MATCH(C552,Canale!$A$2:$A$30,0)) -> llms_txt | E552: =INDEX(Canale!$D$2:$D$30,MATCH(C552,Canale!$A$2:$A$30,0)) -> ai_web | F552: =INDEX('Site-uri'!$C$2:$C$20,MATCH(A552,'Site-uri'!$A$2:$A$20,0)) -> / | G552: =Config!$B$3 -> 2610_ff_lansare | H552: =Config!$B$4 -> general | I552: ="https://"&B552&F552&"?utm_source="&D552&"&utm_medium="&E552&"&utm_campaign="&G552&"&utm_content="&H552 -> https://ecbtax.com/?utm_source=llms_txt&utm_medium=ai_web&utm_campaign=2610_ff_lansare&utm_content=general

Sheet Între site-uri
A1: Site sursă | B1: Domeniu sursă | C1: Site destinație | D1: Domeniu destinație | E1: Cale | F1: utm_source | G1: utm_medium | H1: utm_campaign | I1: utm_content | J1: LINK UTM
A2: 5el | B2: =INDEX('Site-uri'!$B$2:$B$20,MATCH(A2,'Site-uri'!$A$2:$A$20,0)) -> 5thelement.ai | C2: avro | D2: =INDEX('Site-uri'!$B$2:$B$20,MATCH(C2,'Site-uri'!$A$2:$A$20,0)) -> aiventure.ro | E2: =INDEX('Site-uri'!$C$2:$C$20,MATCH(C2,'Site-uri'!$A$2:$A$20,0)) -> / | F2: =B2 -> 5thelement.ai | G2: =Config!$B$5 -> network | H2: =Config!$B$3 -> 2610_ff_lansare | I2: =Config!$B$4 -> general | J2: ="https://"&D2&E2&"?utm_source="&F2&"&utm_medium="&G2&"&utm_campaign="&H2&"&utm_content="&I2 -> https://aiventure.ro/?utm_source=5thelement.ai&utm_medium=network&utm_campaign=2610_ff_lansare&utm_content=general
A3: 5el | B3: =INDEX('Site-uri'!$B$2:$B$20,MATCH(A3,'Site-uri'!$A$2:$A$20,0)) -> 5thelement.ai | C3: avuk | D3: =INDEX('Site-uri'!$B$2:$B$20,MATCH(C3,'Site-uri'!$A$2:$A$20,0)) -> aiventure.uk | E3: =INDEX('Site-uri'!$C$2:$C$20,MATCH(C3,'Site-uri'!$A$2:$A$20,0)) -> / | F3: =B3 -> 5thelement.ai | G3: =Config!$B$5 -> network | H3: =Config!$B$3 -> 2610_ff_lansare | I3: =Config!$B$4 -> general | J3: ="https://"&D3&E3&"?utm_source="&F3&"&utm_medium="&G3&"&utm_campaign="&H3&"&utm_content="&I3 -> https://aiventure.uk/?utm_source=5thelement.ai&utm_medium=network&utm_campaign=2610_ff_lansare&utm_content=general
A4: 5el | B4: =INDEX('Site-uri'!$B$2:$B$20,MATCH(A4,'Site-uri'!$A$2:$A$20,0)) -> 5thelement.ai | C4: 3wo | D4: =INDEX('Site-uri'!$B$2:$B$20,MATCH(C4,'Site-uri'!$A$2:$A$20,0)) -> 3webobs.com | E4: =INDEX('Site-uri'!$C$2:$C$20,MATCH(C4,'Site-uri'!$A$2:$A$20,0)) -> / | F4: =B4 -> 5thelement.ai | G4: =Config!$B$5 -> network | H4: =Config!$B$3 -> 2610_ff_lansare | I4: =Config!$B$4 -> general | J4: ="https://"&D4&E4&"?utm_source="&F4&"&utm_medium="&G4&"&utm_campaign="&H4&"&utm_content="&I4 -> https://3webobs.com/?utm_source=5thelement.ai&utm_medium=network&utm_campaign=2610_ff_lansare&utm_content=general
A5: 5el | B5: =INDEX('Site-uri'!$B$2:$B$20,MATCH(A5,'Site-uri'!$A$2:$A$20,0)) -> 5thelement.ai | C5: lens | D5: =INDEX('Site-uri'!$B$2:$B$20,MATCH(C5,'Site-uri'!$A$2:$A$20,0)) -> ai-lens.eu | E5: =INDEX('Site-uri'!$C$2:$C$20,MATCH(C5,'Site-uri'!$A$2:$A$20,0)) -> / | F5: =B5 -> 5thelement.ai | G5: =Config!$B$5 -> network | H5: =Config!$B$3 -> 2610_ff_lansare | I5: =Config!$B$4 -> general | J5: ="https://"&D5&E5&"?utm_source="&F5&"&utm_medium="&G5&"&utm_campaign="&H5&"&utm_content="&I5 -> https://ai-lens.eu/?utm_source=5thelement.ai&utm_medium=network&utm_campaign=2610_ff_lansare&utm_content=general
A6: 5el | B6: =INDEX('Site-uri'!$B$2:$B$20,MATCH(A6,'Site-uri'!$A$2:$A$20,0)) -> 5thelement.ai | C6: inj | D6: =INDEX('Site-uri'!$B$2:$B$20,MATCH(C6,'Site-uri'!$A$2:$A$20,0)) -> aireadyinjector.com | E6: =INDEX('Site-uri'!$C$2:$C$20,MATCH(C6,'Site-uri'!$A$2:$A$20,0)) -> / | F6: =B6 -> 5thelement.ai | G6: =Config!$B$5 -> network | H6: =Config!$B$3 -> 2610_ff_lansare | I6: =Config!$B$4 -> general | J6: ="https://"&D6&E6&"?utm_source="&F6&"&utm_medium="&G6&"&utm_campaign="&H6&"&utm_content="&I6 -> https://aireadyinjector.com/?utm_source=5thelement.ai&utm_medium=network&utm_campaign=2610_ff_lansare&utm_content=general
A7: 5el | B7: =INDEX('Site-uri'!$B$2:$B$20,MATCH(A7,'Site-uri'!$A$2:$A$20,0)) -> 5thelement.ai | C7: audit | D7: =INDEX('Site-uri'!$B$2:$B$20,MATCH(C7,'Site-uri'!$A$2:$A$20,0)) -> eu-ai-audit.eu | E7: =INDEX('Site-uri'!$C$2:$C$20,MATCH(C7,'Site-uri'!$A$2:$A$20,0)) -> / | F7: =B7 -> 5thelement.ai | G7: =Config!$B$5 -> network | H7: =Config!$B$3 -> 2610_ff_lansare | I7: =Config!$B$4 -> general | J7: ="https://"&D7&E7&"?utm_source="&F7&"&utm_medium="&G7&"&utm_campaign="&H7&"&utm_content="&I7 -> https://eu-ai-audit.eu/?utm_source=5thelement.ai&utm_medium=network&utm_campaign=2610_ff_lansare&utm_content=general
A8: 5el | B8: =INDEX('Site-uri'!$B$2:$B$20,MATCH(A8,'Site-uri'!$A$2:$A$20,0)) -> 5thelement.ai | C8: ready | D8: =INDEX('Site-uri'!$B$2:$B$20,MATCH(C8,'Site-uri'!$A$2:$A$20,0)) -> eu-ai-ready.eu | E8: =INDEX('Site-uri'!$C$2:$C$20,MATCH(C8,'Site-uri'!$A$2:$A$20,0)) -> / | F8: =B8 -> 5thelement.ai | G8: =Config!$B$5 -> network | H8: =Config!$B$3 -> 2610_ff_lansare | I8: =Config!$B$4 -> general | J8: ="https://"&D8&E8&"?utm_source="&F8&"&utm_medium="&G8&"&utm_campaign="&H8&"&utm_content="&I8 -> https://eu-ai-ready.eu/?utm_source=5thelement.ai&utm_medium=network&utm_campaign=2610_ff_lansare&utm_content=general
A9: 5el | B9: =INDEX('Site-uri'!$B$2:$B$20,MATCH(A9,'Site-uri'!$A$2:$A$20,0)) -> 5thelement.ai | C9: actro | D9: =INDEX('Site-uri'!$B$2:$B$20,MATCH(C9,'Site-uri'!$A$2:$A$20,0)) -> eu-ai-act.ro | E9: =INDEX('Site-uri'!$C$2:$C$20,MATCH(C9,'Site-uri'!$A$2:$A$20,0)) -> / | F9: =B9 -> 5thelement.ai | G9: =Config!$B$5 -> network | H9: =Config!$B$3 -> 2610_ff_lansare | I9: =Config!$B$4 -> general | J9: ="https://"&D9&E9&"?utm_source="&F9&"&utm_medium="&G9&"&utm_campaign="&H9&"&utm_content="&I9 -> https://eu-ai-act.ro/?utm_source=5thelement.ai&utm_medium=network&utm_campaign=2610_ff_lansare&utm_content=general
A10: 5el | B10: =INDEX('Site-uri'!$B$2:$B$20,MATCH(A10,'Site-uri'!$A$2:$A$20,0)) -> 5thelement.ai | C10: actrdy | D10: =INDEX('Site-uri'!$B$2:$B$20,MATCH(C10,'Site-uri'!$A$2:$A$20,0)) -> eu-ai-act-ready.eu | E10: =INDEX('Site-uri'!$C$2:$C$20,MATCH(C10,'Site-uri'!$A$2:$A$20,0)) -> / | F10: =B10 -> 5thelement.ai | G10: =Config!$B$5 -> network | H10: =Config!$B$3 -> 2610_ff_lansare | I10: =Config!$B$4 -> general | J10: ="https://"&D10&E10&"?utm_source="&F10&"&utm_medium="&G10&"&utm_campaign="&H10&"&utm_content="&I10 -> https://eu-ai-act-ready.eu/?utm_source=5thelement.ai&utm_medium=network&utm_campaign=2610_ff_lansare&utm_content=general
A11: 5el | B11: =INDEX('Site-uri'!$B$2:$B$20,MATCH(A11,'Site-uri'!$A$2:$A$20,0)) -> 5thelement.ai | C11: e112ro | D11: =INDEX('Site-uri'!$B$2:$B$20,MATCH(C11,'Site-uri'!$A$2:$A$20,0)) -> eu-112.ro | E11: =INDEX('Site-uri'!$C$2:$C$20,MATCH(C11,'Site-uri'!$A$2:$A$20,0)) -> / | F11: =B11 -> 5thelement.ai | G11: =Config!$B$5 -> network | H11: =Config!$B$3 -> 2610_ff_lansare | I11: =Config!$B$4 -> general | J11: ="https://"&D11&E11&"?utm_source="&F11&"&utm_medium="&G11&"&utm_campaign="&H11&"&utm_content="&I11 -> https://eu-112.ro/?utm_source=5thelement.ai&utm_medium=network&utm_campaign=2610_ff_lansare&utm_content=general
A12: 5el | B12: =INDEX('Site-uri'!$B$2:$B$20,MATCH(A12,'Site-uri'!$A$2:$A$20,0)) -> 5thelement.ai | C12: e112eu | D12: =INDEX('Site-uri'!$B$2:$B$20,MATCH(C12,'Site-uri'!$A$2:$A$20,0)) -> eu-112.eu | E12: =INDEX('Site-uri'!$C$2:$C$20,MATCH(C12,'Site-uri'!$A$2:$A$20,0)) -> / | F12: =B12 -> 5thelement.ai | G12: =Config!$B$5 -> network | H12: =Config!$B$3 -> 2610_ff_lansare | I12: =Config!$B$4 -> general | J12: ="https://"&D12&E12&"?utm_source="&F12&"&utm_medium="&G12&"&utm_campaign="&H12&"&utm_content="&I12 -> https://eu-112.eu/?utm_source=5thelement.ai&utm_medium=network&utm_campaign=2610_ff_lansare&utm_content=general
A13: 5el | B13: =INDEX('Site-uri'!$B$2:$B$20,MATCH(A13,'Site-uri'!$A$2:$A$20,0)) -> 5thelement.ai | C13: 1iaeu | D13: =INDEX('Site-uri'!$B$2:$B$20,MATCH(C13,'Site-uri'!$A$2:$A$20,0)) -> 1clic-ia.eu | E13: =INDEX('Site-uri'!$C$2:$C$20,MATCH(C13,'Site-uri'!$A$2:$A$20,0)) -> / | F13: =B13 -> 5thelement.ai | G13: =Config!$B$5 -> network | H13: =Config!$B$3 -> 2610_ff_lansare | I13: =Config!$B$4 -> general | J13: ="https://"&D13&E13&"?utm_source="&F13&"&utm_medium="&G13&"&utm_campaign="&H13&"&utm_content="&I13 -> https://1clic-ia.eu/?utm_source=5thelement.ai&utm_medium=network&utm_campaign=2610_ff_lansare&utm_content=general
... A343: ecb | B343: =INDEX('Site-uri'!$B$2:$B$20,MATCH(A343,'Site-uri'!$A$2:$A$20,0)) -> ecbtax.com | C343: flor | D343: =INDEX('Site-uri'!$B$2:$B$20,MATCH(C343,'Site-uri'!$A$2:$A$20,0)) -> floride-e2.com | E343: =INDEX('Site-uri'!$C$2:$C$20,MATCH(C343,'Site-uri'!$A$2:$A$20,0)) -> / | F343: =B343 -> ecbtax.com | G343: =Config!$B$5 -> network | H343: =Config!$B$3 -> 2610_ff_lansare | I343: =Config!$B$4 -> general | J343: ="https://"&D343&E343&"?utm_source="&F343&"&utm_medium="&G343&"&utm_campaign="&H343&"&utm_content="&I343 -> https://floride-e2.com/?utm_source=ecbtax.com&utm_medium=network&utm_campaign=2610_ff_lansare&utm_content=general

Sheet Constructor
A1: CONSTRUCTOR – alegeți din liste (celule galbene)
A3: Site (cod) | B3: ff | C3: Exemplu pre-completat – schimbați-l
A4: Canal (cod) | B4: li_pers
A5: Cale (opțional, ex. /cautare/) | B5: /cautare/
A6: utm_campaign | B6: 2610_ff_lansare
A7: utm_content | B7: hero_cauta
A8: utm_term (doar plătit)
A10: LINK GATA | B10: ="https://"&INDEX('Site-uri'!$B$2:$B$20,MATCH(B3,'Site-uri'!$A$2:$A$20,0))&IF(B5="",INDEX('Site-uri'!$C$2:$C$20,MATCH(B3,'Site-uri'!$A$2:$A$20,0)),B5)&"?utm_source="&INDEX(Canale!$C$2:$C$30,MATCH(B4,Canale!$A$2:$A$30,0))&"&utm_medium="&INDEX(Canale!$D$2:$D$30,MATCH(B4,Canale!$A$2:$A$30,0))&"&utm_campaign="&B6&"&utm_content="&B7&IF(B8="","","&utm_term="&B8) -> https://firmsfinder.eu/cautare/?utm_source=linkedin_personal&utm_medium=social&utm_campaign=2610_ff_lansare&utm_content=hero_cauta
